,Check,with,Pin
View : av_func_setup_pw_vmin_tmin_cw
Startpoint : (R) u_cyip_dig_arka_top/u_cyip_dig_arka_core/u_cyip_dig_socexp_top/u_cyip_dig_gmu_top/u_cyip_dig_crpmu/u_gen_clk_div2_sub1g_clk/s_change_detect_sr_reg_2_/CK
Clock : (R) pll_mux_clk
Endpoint : (R) u_cyip_dig_arka_top/u_cyip_dig_arka_core/u_cyip_dig_socexp_top/u_cyip_dig_gmu_top/u_cyip_dig_crpmu/u_gen_clk_div2_sub1g_clk/div_ratio_d3_reg_1_/D
Clock : (R) pll_mux_clk
Slack : =   -0.627
Instance_name,trans,fanout,delay
u_cyip_dig_arka_top/u_cyip_dig_arka_core/u_cyip_dig_socexp_top/u_cyip_dig_gmu_top/u_cyip_dig_pll_wrapper/u_pllts40lplaint2,0.041,1,0.004
u_cyip_dig_arka_top/u_cyip_dig_arka_core/u_cyip_dig_socexp_top/u_cyip_dig_gmu_top/u_cyip_dig_pll_wrapper/PlaceOpt_C_FE_OFC324_w_pll_foutpostdiv,0.082,1,0.115
u_cyip_dig_arka_top/u_cyip_dig_arka_core/u_cyip_dig_socexp_top/u_cyip_dig_gmu_top/PD_CORE_ISO_CPU1_2_CORE_0_731_UPF_ISO,0.074,2,0.131
u_cyip_dig_arka_top/u_cyip_dig_arka_core/u_cyip_dig_socexp_top/u_cyip_dig_gmu_top/u_cyip_dig_crpmu/u_cyip_dig_clk_switch_pll_out/CTS_ccl_a_buf_18146,0.052,2,0.065
u_cyip_dig_arka_top/u_cyip_dig_arka_core/u_cyip_dig_socexp_top/u_cyip_dig_gmu_top/u_cyip_dig_crpmu/u_cyip_dig_clk_switch_pll_out/u_clk_mux_out/gen_clk_mux_gate_u_clk_mux_gate,0.019,1,0.100
u_cyip_dig_arka_top/u_cyip_dig_arka_core/u_cyip_dig_socexp_top/u_cyip_dig_gmu_top/u_cyip_dig_crpmu/u_cyip_dig_clk_switch_pll_out/u_test_clk_mux_out/gen_clk_mux_gate_u_clk_mux_gate,0.059,1,0.129
u_cyip_dig_arka_top/u_cyip_dig_arka_core/u_cyip_dig_socexp_top/u_cyip_dig_gmu_top/u_cyip_dig_crpmu/u_cyip_dig_clk_switch_pll_out/CTS_ccl_a_buf_18138,0.071,1,0.091
u_cyip_dig_arka_top/u_cyip_dig_arka_core/u_cyip_dig_socexp_top/u_cyip_dig_gmu_top/u_cyip_dig_crpmu/u_cyip_dig_clk_switch_pll_out/u_clkgate_out/gen_clk_gate_u_clk_gate,0.065,1,0.541
u_cyip_dig_arka_top/u_cyip_dig_arka_core/u_cyip_dig_socexp_top/u_cyip_dig_gmu_top/u_cyip_dig_crpmu/CTS_ccl_a_buf_18130,0.096,3,0.102
u_cyip_dig_arka_top/u_cyip_dig_arka_core/u_cyip_dig_socexp_top/u_cyip_dig_gmu_top/u_cyip_dig_crpmu/CTS_cdb_buf_22952,0.044,1,0.066
u_cyip_dig_arka_top/u_cyip_dig_arka_core/u_cyip_dig_socexp_top/u_cyip_dig_gmu_top/u_cyip_dig_crpmu/CTS_cpc_drv_buf_27226,0.030,1,0.079
u_cyip_dig_arka_top/u_cyip_dig_arka_core/u_cyip_dig_socexp_top/u_cyip_dig_gmu_top/u_cyip_dig_crpmu/CTS_cdb_buf_22953,0.064,1,0.106
u_cyip_dig_arka_top/u_cyip_dig_arka_core/u_cyip_dig_socexp_top/u_cyip_dig_gmu_top/u_cyip_dig_crpmu/CTS_cdb_buf_22954,0.079,1,0.113
u_cyip_dig_arka_top/u_cyip_dig_arka_core/u_cyip_dig_socexp_top/u_cyip_dig_gmu_top/u_cyip_dig_crpmu/CTS_cdb_buf_22955,0.078,1,0.099
u_cyip_dig_arka_top/u_cyip_dig_arka_core/u_cyip_dig_socexp_top/u_cyip_dig_gmu_top/u_cyip_dig_crpmu/CTS_cdb_buf_22956,0.055,1,0.088
u_cyip_dig_arka_top/u_cyip_dig_arka_core/u_cyip_dig_socexp_top/u_cyip_dig_gmu_top/u_cyip_dig_crpmu/CTS_cdb_buf_22957,0.057,1,0.067
u_cyip_dig_arka_top/u_cyip_dig_arka_core/u_cyip_dig_socexp_top/u_cyip_dig_gmu_top/u_cyip_dig_crpmu/CTS_cpc_drv_buf_27232,0.022,1,0.075
u_cyip_dig_arka_top/u_cyip_dig_arka_core/u_cyip_dig_socexp_top/u_cyip_dig_gmu_top/u_cyip_dig_crpmu/CTS_cdb_buf_22958,0.064,1,0.105
u_cyip_dig_arka_top/u_cyip_dig_arka_core/u_cyip_dig_socexp_top/u_cyip_dig_gmu_top/u_cyip_dig_crpmu/CTS_cdb_buf_22959,0.077,1,0.107
u_cyip_dig_arka_top/u_cyip_dig_arka_core/u_cyip_dig_socexp_top/u_cyip_dig_gmu_top/u_cyip_dig_crpmu/CTS_cdb_buf_22960,0.068,1,0.103
u_cyip_dig_arka_top/u_cyip_dig_arka_core/u_cyip_dig_socexp_top/u_cyip_dig_gmu_top/u_cyip_dig_crpmu/CTS_cdb_buf_22961,0.071,1,0.097
u_cyip_dig_arka_top/u_cyip_dig_arka_core/u_cyip_dig_socexp_top/u_cyip_dig_gmu_top/u_cyip_dig_crpmu/CTS_cdb_buf_22962,0.058,1,0.092
u_cyip_dig_arka_top/u_cyip_dig_arka_core/u_cyip_dig_socexp_top/u_cyip_dig_gmu_top/u_cyip_dig_crpmu/CTS_cdb_buf_22963,0.062,1,0.088
u_cyip_dig_arka_top/u_cyip_dig_arka_core/u_cyip_dig_socexp_top/u_cyip_dig_gmu_top/u_cyip_dig_crpmu/CTS_cdb_buf_22941,0.051,2,0.093
u_cyip_dig_arka_top/u_cyip_dig_arka_core/u_cyip_dig_socexp_top/u_cyip_dig_gmu_top/u_cyip_dig_crpmu/u_gen_clk_div2_sub1g_clk/CTS_cdb_buf_22996,0.071,1,0.078
u_cyip_dig_arka_top/u_cyip_dig_arka_core/u_cyip_dig_socexp_top/u_cyip_dig_gmu_top/u_cyip_dig_crpmu/u_gen_clk_div2_sub1g_clk/CTS_cpc_drv_buf_27298,0.026,1,0.088
u_cyip_dig_arka_top/u_cyip_dig_arka_core/u_cyip_dig_socexp_top/u_cyip_dig_gmu_top/u_cyip_dig_crpmu/u_gen_clk_div2_sub1g_clk/CTS_ccl_a_buf_15293,0.084,1,0.107
u_cyip_dig_arka_top/u_cyip_dig_arka_core/u_cyip_dig_socexp_top/u_cyip_dig_gmu_top/u_cyip_dig_crpmu/u_gen_clk_div2_sub1g_clk/CTS_cdb_buf_23006,0.062,1,0.094
u_cyip_dig_arka_top/u_cyip_dig_arka_core/u_cyip_dig_socexp_top/u_cyip_dig_gmu_top/u_cyip_dig_crpmu/u_gen_clk_div2_sub1g_clk/CTS_cdb_buf_23007,0.060,1,0.072
u_cyip_dig_arka_top/u_cyip_dig_arka_core/u_cyip_dig_socexp_top/u_cyip_dig_gmu_top/u_cyip_dig_crpmu/u_gen_clk_div2_sub1g_clk/CTS_cpc_drv_buf_27301,0.026,1,0.088
u_cyip_dig_arka_top/u_cyip_dig_arka_core/u_cyip_dig_socexp_top/u_cyip_dig_gmu_top/u_cyip_dig_crpmu/u_gen_clk_div2_sub1g_clk/CTS_cdb_buf_23008,0.083,1,0.110
u_cyip_dig_arka_top/u_cyip_dig_arka_core/u_cyip_dig_socexp_top/u_cyip_dig_gmu_top/u_cyip_dig_crpmu/u_gen_clk_div2_sub1g_clk/CTS_cdb_buf_23009,0.068,1,0.100
u_cyip_dig_arka_top/u_cyip_dig_arka_core/u_cyip_dig_socexp_top/u_cyip_dig_gmu_top/u_cyip_dig_crpmu/u_gen_clk_div2_sub1g_clk/CTS_cdb_buf_23010,0.062,1,0.086
u_cyip_dig_arka_top/u_cyip_dig_arka_core/u_cyip_dig_socexp_top/u_cyip_dig_gmu_top/u_cyip_dig_crpmu/u_gen_clk_div2_sub1g_clk/CTS_cdb_buf_23011,0.048,1,0.095
u_cyip_dig_arka_top/u_cyip_dig_arka_core/u_cyip_dig_socexp_top/u_cyip_dig_gmu_top/u_cyip_dig_crpmu/u_gen_clk_div2_sub1g_clk/CTS_cdb_buf_23012,0.077,1,0.111
u_cyip_dig_arka_top/u_cyip_dig_arka_core/u_cyip_dig_socexp_top/u_cyip_dig_gmu_top/u_cyip_dig_crpmu/u_gen_clk_div2_sub1g_clk/CTS_cdb_buf_23013,0.075,1,0.099
u_cyip_dig_arka_top/u_cyip_dig_arka_core/u_cyip_dig_socexp_top/u_cyip_dig_gmu_top/u_cyip_dig_crpmu/u_gen_clk_div2_sub1g_clk/CTS_cdb_buf_23014,0.054,1,0.092
u_cyip_dig_arka_top/u_cyip_dig_arka_core/u_cyip_dig_socexp_top/u_cyip_dig_gmu_top/u_cyip_dig_crpmu/u_gen_clk_div2_sub1g_clk/CTS_cdb_buf_23015,0.062,1,0.103
u_cyip_dig_arka_top/u_cyip_dig_arka_core/u_cyip_dig_socexp_top/u_cyip_dig_gmu_top/u_cyip_dig_crpmu/u_gen_clk_div2_sub1g_clk/CTS_cdb_buf_23016,0.076,1,0.108
u_cyip_dig_arka_top/u_cyip_dig_arka_core/u_cyip_dig_socexp_top/u_cyip_dig_gmu_top/u_cyip_dig_crpmu/u_gen_clk_div2_sub1g_clk/CTS_cdb_buf_23017,0.072,1,0.107
u_cyip_dig_arka_top/u_cyip_dig_arka_core/u_cyip_dig_socexp_top/u_cyip_dig_gmu_top/u_cyip_dig_crpmu/u_gen_clk_div2_sub1g_clk/CTS_cdb_buf_23018,0.074,1,0.101
u_cyip_dig_arka_top/u_cyip_dig_arka_core/u_cyip_dig_socexp_top/u_cyip_dig_gmu_top/u_cyip_dig_crpmu/u_gen_clk_div2_sub1g_clk/CTS_cdb_buf_23019,0.062,1,0.090
u_cyip_dig_arka_top/u_cyip_dig_arka_core/u_cyip_dig_socexp_top/u_cyip_dig_gmu_top/u_cyip_dig_crpmu/u_gen_clk_div2_sub1g_clk/CTS_cdb_buf_23020,0.054,1,0.097
u_cyip_dig_arka_top/u_cyip_dig_arka_core/u_cyip_dig_socexp_top/u_cyip_dig_gmu_top/u_cyip_dig_crpmu/u_gen_clk_div2_sub1g_clk/CTS_cdb_buf_23021,0.070,1,0.108
u_cyip_dig_arka_top/u_cyip_dig_arka_core/u_cyip_dig_socexp_top/u_cyip_dig_gmu_top/u_cyip_dig_crpmu/u_gen_clk_div2_sub1g_clk/CTS_cdb_buf_23022,0.078,1,0.113
u_cyip_dig_arka_top/u_cyip_dig_arka_core/u_cyip_dig_socexp_top/u_cyip_dig_gmu_top/u_cyip_dig_crpmu/u_gen_clk_div2_sub1g_clk/CTS_cdb_buf_23023,0.078,1,0.111
u_cyip_dig_arka_top/u_cyip_dig_arka_core/u_cyip_dig_socexp_top/u_cyip_dig_gmu_top/u_cyip_dig_crpmu/u_gen_clk_div2_sub1g_clk/CTS_cdb_buf_23024,0.075,1,0.083
u_cyip_dig_arka_top/u_cyip_dig_arka_core/u_cyip_dig_socexp_top/u_cyip_dig_gmu_top/u_cyip_dig_crpmu/u_gen_clk_div2_sub1g_clk/CTS_cpc_drv_buf_27460,0.031,1,0.080
u_cyip_dig_arka_top/u_cyip_dig_arka_core/u_cyip_dig_socexp_top/u_cyip_dig_gmu_top/u_cyip_dig_crpmu/u_gen_clk_div2_sub1g_clk/CTS_cdb_buf_23025,0.065,1,0.093
u_cyip_dig_arka_top/u_cyip_dig_arka_core/u_cyip_dig_socexp_top/u_cyip_dig_gmu_top/u_cyip_dig_crpmu/u_gen_clk_div2_sub1g_clk/CTS_cdb_buf_23026,0.057,1,0.098
u_cyip_dig_arka_top/u_cyip_dig_arka_core/u_cyip_dig_socexp_top/u_cyip_dig_gmu_top/u_cyip_dig_crpmu/u_gen_clk_div2_sub1g_clk/CTS_cdb_buf_23027,0.072,1,0.095
u_cyip_dig_arka_top/u_cyip_dig_arka_core/u_cyip_dig_socexp_top/u_cyip_dig_gmu_top/u_cyip_dig_crpmu/u_gen_clk_div2_sub1g_clk/CTS_cdb_buf_23028,0.052,1,0.095
u_cyip_dig_arka_top/u_cyip_dig_arka_core/u_cyip_dig_socexp_top/u_cyip_dig_gmu_top/u_cyip_dig_crpmu/u_gen_clk_div2_sub1g_clk/CTS_cdb_buf_23029,0.072,1,0.112
u_cyip_dig_arka_top/u_cyip_dig_arka_core/u_cyip_dig_socexp_top/u_cyip_dig_gmu_top/u_cyip_dig_crpmu/u_gen_clk_div2_sub1g_clk/CTS_cdb_buf_23030,0.083,1,0.113
u_cyip_dig_arka_top/u_cyip_dig_arka_core/u_cyip_dig_socexp_top/u_cyip_dig_gmu_top/u_cyip_dig_crpmu/u_gen_clk_div2_sub1g_clk/CTS_cdb_buf_23031,0.074,1,0.109
u_cyip_dig_arka_top/u_cyip_dig_arka_core/u_cyip_dig_socexp_top/u_cyip_dig_gmu_top/u_cyip_dig_crpmu/u_gen_clk_div2_sub1g_clk/CTS_cdb_buf_23032,0.075,1,0.108
u_cyip_dig_arka_top/u_cyip_dig_arka_core/u_cyip_dig_socexp_top/u_cyip_dig_gmu_top/u_cyip_dig_crpmu/u_gen_clk_div2_sub1g_clk/CTS_cdb_buf_23033,0.072,1,0.097
u_cyip_dig_arka_top/u_cyip_dig_arka_core/u_cyip_dig_socexp_top/u_cyip_dig_gmu_top/u_cyip_dig_crpmu/u_gen_clk_div2_sub1g_clk/CTS_cdb_buf_23034,0.056,1,0.097
u_cyip_dig_arka_top/u_cyip_dig_arka_core/u_cyip_dig_socexp_top/u_cyip_dig_gmu_top/u_cyip_dig_crpmu/u_gen_clk_div2_sub1g_clk/CTS_cdb_buf_23035,0.071,1,0.106
u_cyip_dig_arka_top/u_cyip_dig_arka_core/u_cyip_dig_socexp_top/u_cyip_dig_gmu_top/u_cyip_dig_crpmu/u_gen_clk_div2_sub1g_clk/CTS_cdb_buf_23036,0.073,1,0.081
u_cyip_dig_arka_top/u_cyip_dig_arka_core/u_cyip_dig_socexp_top/u_cyip_dig_gmu_top/u_cyip_dig_crpmu/u_gen_clk_div2_sub1g_clk/CTS_cpc_drv_buf_27524,0.029,1,0.091
u_cyip_dig_arka_top/u_cyip_dig_arka_core/u_cyip_dig_socexp_top/u_cyip_dig_gmu_top/u_cyip_dig_crpmu/u_gen_clk_div2_sub1g_clk/CTS_cdb_buf_23037,0.087,1,0.114
u_cyip_dig_arka_top/u_cyip_dig_arka_core/u_cyip_dig_socexp_top/u_cyip_dig_gmu_top/u_cyip_dig_crpmu/u_gen_clk_div2_sub1g_clk/CTS_cdb_buf_23038,0.072,1,0.104
u_cyip_dig_arka_top/u_cyip_dig_arka_core/u_cyip_dig_socexp_top/u_cyip_dig_gmu_top/u_cyip_dig_crpmu/u_gen_clk_div2_sub1g_clk/CTS_cdb_buf_23039,0.068,1,0.084
u_cyip_dig_arka_top/u_cyip_dig_arka_core/u_cyip_dig_socexp_top/u_cyip_dig_gmu_top/u_cyip_dig_crpmu/u_gen_clk_div2_sub1g_clk/CTS_cdb_buf_23005,0.038,7,0.089
u_cyip_dig_arka_top/u_cyip_dig_arka_core/u_cyip_dig_socexp_top/u_cyip_dig_gmu_top/u_cyip_dig_crpmu/u_gen_clk_div2_sub1g_clk/s_change_detect_sr_reg_2_,0.076,3,0.108
u_cyip_dig_arka_top/u_cyip_dig_arka_core/u_cyip_dig_socexp_top/u_cyip_dig_gmu_top/u_cyip_dig_crpmu/u_gen_clk_div2_sub1g_clk/POST_CTS_FE_RC_1535_0,0.032,1,0.024
u_cyip_dig_arka_top/u_cyip_dig_arka_core/u_cyip_dig_socexp_top/u_cyip_dig_gmu_top/u_cyip_dig_crpmu/u_gen_clk_div2_sub1g_clk/POST_CTS_FE_RC_1532_0,0.016,1,0.021
u_cyip_dig_arka_top/u_cyip_dig_arka_core/u_cyip_dig_socexp_top/u_cyip_dig_gmu_top/u_cyip_dig_crpmu/u_gen_clk_div2_sub1g_clk/POST_CTS_FE_RC_1530_0,0.021,1,0.033
u_cyip_dig_arka_top/u_cyip_dig_arka_core/u_cyip_dig_socexp_top/u_cyip_dig_gmu_top/u_cyip_dig_crpmu/u_gen_clk_div2_sub1g_clk/div_ratio_d3_reg_1_,0.031,1,0.000
u_cyip_dig_arka_top/u_cyip_dig_arka_core/u_cyip_dig_socexp_top/u_cyip_dig_gmu_top/u_cyip_dig_pll_wrapper/u_pllts40lplaint2,0.040,1,0.004
u_cyip_dig_arka_top/u_cyip_dig_arka_core/u_cyip_dig_socexp_top/u_cyip_dig_gmu_top/u_cyip_dig_pll_wrapper/PlaceOpt_C_FE_OFC324_w_pll_foutpostdiv,0.080,1,0.102
u_cyip_dig_arka_top/u_cyip_dig_arka_core/u_cyip_dig_socexp_top/u_cyip_dig_gmu_top/PD_CORE_ISO_CPU1_2_CORE_0_731_UPF_ISO,0.074,2,0.116
u_cyip_dig_arka_top/u_cyip_dig_arka_core/u_cyip_dig_socexp_top/u_cyip_dig_gmu_top/u_cyip_dig_crpmu/u_cyip_dig_clk_switch_pll_out/CTS_ccl_a_buf_18146,0.052,2,0.058
u_cyip_dig_arka_top/u_cyip_dig_arka_core/u_cyip_dig_socexp_top/u_cyip_dig_gmu_top/u_cyip_dig_crpmu/u_cyip_dig_clk_switch_pll_out/u_clk_mux_out/gen_clk_mux_gate_u_clk_mux_gate,0.019,1,0.088
u_cyip_dig_arka_top/u_cyip_dig_arka_core/u_cyip_dig_socexp_top/u_cyip_dig_gmu_top/u_cyip_dig_crpmu/u_cyip_dig_clk_switch_pll_out/u_test_clk_mux_out/gen_clk_mux_gate_u_clk_mux_gate,0.059,1,0.114
u_cyip_dig_arka_top/u_cyip_dig_arka_core/u_cyip_dig_socexp_top/u_cyip_dig_gmu_top/u_cyip_dig_crpmu/u_cyip_dig_clk_switch_pll_out/CTS_ccl_a_buf_18138,0.071,1,0.081
u_cyip_dig_arka_top/u_cyip_dig_arka_core/u_cyip_dig_socexp_top/u_cyip_dig_gmu_top/u_cyip_dig_crpmu/u_cyip_dig_clk_switch_pll_out/u_clkgate_out/gen_clk_gate_u_clk_gate,0.065,1,0.482
u_cyip_dig_arka_top/u_cyip_dig_arka_core/u_cyip_dig_socexp_top/u_cyip_dig_gmu_top/u_cyip_dig_crpmu/CTS_ccl_a_buf_18130,0.096,3,0.090
u_cyip_dig_arka_top/u_cyip_dig_arka_core/u_cyip_dig_socexp_top/u_cyip_dig_gmu_top/u_cyip_dig_crpmu/u_gen_clk_div2_sub1g_clk/CTS_ccl_a_buf_03643,0.044,3,0.057
u_cyip_dig_arka_top/u_cyip_dig_arka_core/u_cyip_dig_socexp_top/u_cyip_dig_gmu_top/u_cyip_dig_crpmu/u_gen_clk_div2_sub1g_clk/div_ratio_d3_reg_1_,0.028,3,0.000
